complexity,language,percentages,avg_answer_len,norm_avg_answer_len,compressed_avg_len,compressed_norm_avg_len,compressed_seq_avg_len,no_compression_percentage,p_percentages,p_avg_answer_len,p_norm_avg_answer_len,p_compressed_avg_len,p_compressed_norm_avg_len,p_compressed_seq_avg_len,p_no_compression_percentage,c_percentages,c_avg_answer_len,c_norm_avg_answer_len,c_compressed_avg_len,c_compressed_norm_avg_len,c_compressed_seq_avg_len,c_no_compression_percentage,cnp_percentages,cnp_avg_answer_len,cnp_norm_avg_answer_len,cnp_compressed_avg_len,cnp_compressed_norm_avg_len,cnp_compressed_seq_avg_len,cnp_no_compression_percentage,ip_percentages,ip_avg_answer_len,ip_norm_avg_answer_len,ip_compressed_avg_len,ip_compressed_norm_avg_len,ip_compressed_seq_avg_len,ip_no_compression_percentage,p_c_percentages,p_c_avg_answer_len,p_c_norm_avg_answer_len,p_c_compressed_avg_len,p_c_compressed_norm_avg_len,p_c_compressed_seq_avg_len,p_c_no_compression_percentage
1,Mathematica,100.0,34.88,34.88,80.24,80.24,73.73333333333333,18.666666666666668,16.610169491525422,,,,,,,43.220338983050844,34.88,34.88,80.24,80.24,73.73333333333333,18.666666666666668,43.220338983050844,34.88,34.88,80.24,80.24,73.73333333333333,18.666666666666668,16.610169491525422,,,,,,,0.1694915254237288,,,,,,
2,Mathematica,100.0,60.586666666666666,60.586666666666666,122.77333333333333,122.77333333333333,76.93333333333334,13.833333333333334,16.610169491525422,,,,,,,43.220338983050844,40.86153846153846,40.86153846153846,92.03076923076924,92.03076923076924,81.75384615384615,8.0,43.220338983050844,40.86153846153846,40.86153846153846,92.03076923076924,92.03076923076924,81.75384615384615,8.0,16.610169491525422,,,,,,,0.1694915254237288,,,,,,
3,Mathematica,100.0,64.32142857142857,63.32142857142857,131.31428571428572,129.61428571428573,63.07142857142857,28.476190476190478,16.610169491525422,58.6,30.6,120.8,73.2,62.0,100.0,43.220338983050844,47.8974358974359,47.8974358974359,105.84615384615384,105.84615384615384,71.53846153846153,9.743589743589743,43.220338983050844,47.8974358974359,47.8974358974359,105.84615384615384,105.84615384615384,71.53846153846153,9.743589743589743,16.610169491525422,58.6,30.6,120.8,73.2,62.0,100.0,0.1694915254237288,,,,,,
4,Mathematica,100.0,73.94,45.67333333333333,146.37333333333333,100.68,87.66666666666667,65.26666666666667,16.610169491525422,77.58064516129032,31.989247311827956,149.72043010752688,76.02150537634408,88.0,100.0,43.220338983050844,67.0,67.0,128.0,128.0,90.0,100.0,43.220338983050844,67.0,67.0,128.0,128.0,90.0,100.0,16.610169491525422,77.58064516129032,31.989247311827956,149.72043010752688,76.02150537634408,88.0,100.0,0.1694915254237288,,,,,,
1,Matlab,100.0,40.946666666666665,40.946666666666665,93.88,93.88,73.73333333333333,18.533333333333335,31.016949152542374,,,,,,,70.33898305084746,41.229729729729726,41.229729729729726,94.39189189189189,94.39189189189189,73.75675675675676,18.37837837837838,42.20338983050848,41.229729729729726,41.229729729729726,94.39189189189189,94.39189189189189,73.75675675675676,18.37837837837838,2.8813559322033897,,,,,,,28.135593220338983,,,,,,
2,Matlab,100.0,139.74,136.7,182.92,178.18666666666667,77.06666666666666,25.533333333333335,31.016949152542374,71.72727272727273,30.272727272727273,140.0,75.45454545454545,77.27272727272727,100.0,70.33898305084746,138.71641791044777,137.1492537313433,180.2089552238806,177.7910447761194,74.86567164179104,17.761194029850746,42.20338983050848,142.21875,142.21875,182.65625,182.65625,75.1875,13.90625,2.8813559322033897,74.625,30.75,144.5,76.0,80.75,100.0,28.135593220338983,64.0,29.0,128.0,74.0,68.0,100.0
3,Matlab,100.0,139.29285714285714,133.89285714285714,184.9857142857143,176.87142857142857,63.07142857142857,42.875,31.016949152542374,73.69565217391305,40.82608695652174,137.2173913043478,87.82608695652173,65.3913043478261,100.0,70.33898305084746,116.7843137254902,109.19607843137256,165.9607843137255,153.64705882352942,67.56862745098039,42.35294117647059,42.20338983050848,134.78378378378378,134.78378378378378,178.16216216216216,178.16216216216216,69.94594594594595,20.54054054054054,2.8813559322033897,80.66666666666667,39.666666666666664,142.66666666666666,86.22222222222223,71.77777777777777,100.0,28.135593220338983,69.21428571428571,41.57142857142857,133.71428571428572,88.85714285714286,61.285714285714285,100.0
4,Matlab,100.0,87.34666666666666,41.873333333333335,160.32,88.45333333333333,87.66666666666667,99.4,31.016949152542374,86.77852348993288,41.0,160.28187919463087,87.93288590604027,87.6510067114094,100.0,70.33898305084746,86.77852348993288,41.0,160.28187919463087,87.93288590604027,87.6510067114094,100.0,42.20338983050848,,,,,,,2.8813559322033897,,,,,,,28.135593220338983,86.77852348993288,41.0,160.28187919463087,87.93288590604027,87.6510067114094,100.0
1,Python,100.0,51.593333333333334,51.593333333333334,114.54666666666667,114.54666666666667,73.73333333333333,10.0,27.28813559322034,,,,,,,40.16949152542373,51.593333333333334,51.593333333333334,114.54666666666667,114.54666666666667,73.73333333333333,10.0,37.6271186440678,51.593333333333334,51.593333333333334,114.54666666666667,114.54666666666667,73.73333333333333,10.0,24.74576271186441,,,,,,,2.542372881355932,,,,,,
2,Python,100.0,160.33333333333334,159.62666666666667,214.58666666666667,213.49333333333334,76.93333333333334,22.8,27.28813559322034,95.66666666666667,60.333333333333336,180.66666666666666,126.0,88.66666666666667,73.33333333333333,40.16949152542373,87.54,85.42,146.56,143.28,83.28,24.8,37.6271186440678,86.89583333333333,86.89583333333333,144.58333333333334,144.58333333333334,82.58333333333333,21.666666666666668,24.74576271186441,81.0,81.0,154.0,154.0,66.0,20.0,2.542372881355932,103.0,50.0,194.0,112.0,100.0,100.0
3,Python,100.0,158.27857142857144,151.05,213.42857142857142,206.57142857142858,63.07142857142857,38.720238095238095,27.28813559322034,99.8,49.2,150.1,102.1,65.0,100.0,40.16949152542373,63.81481481481482,56.74074074074074,129.4814814814815,122.96296296296296,73.18518518518519,20.37037037037037,37.6271186440678,55.208333333333336,55.208333333333336,121.08333333333333,121.08333333333333,72.83333333333333,10.416666666666666,24.74576271186441,94.0,45.705882352941174,141.88235294117646,95.76470588235294,63.05882352941177,100.0,2.542372881355932,132.66666666666666,69.0,196.66666666666666,138.0,76.0,100.0
4,Python,100.0,91.54666666666667,44.13333333333333,157.38666666666666,91.16,87.66666666666667,92.93333333333334,27.28813559322034,89.94202898550725,38.405797101449274,156.231884057971,84.2463768115942,87.4927536231884,100.0,40.16949152542373,121.2,61.3,194.0,122.2,87.8,100.0,37.6271186440678,,,,,,,24.74576271186441,87.5,36.6171875,153.28125,81.28125,87.46875,100.0,2.542372881355932,121.2,61.3,194.0,122.2,87.8,100.0
1,ArnoldC,3.2203389830508473,353.125,353.125,387.5,387.5,74.0,15.0,3.8983050847457625,432.0,432.0,428.0,428.0,70.0,20.0,3.2203389830508473,353.125,353.125,387.5,387.5,74.0,15.0,1.694915254237288,353.125,353.125,387.5,387.5,74.0,15.0,2.3728813559322033,432.0,432.0,428.0,428.0,70.0,20.0,1.5254237288135593,,,,,,
2,ArnoldC,3.2203389830508473,467.0,467.0,428.0,428.0,88.0,20.0,3.8983050847457625,1192.0,1192.0,583.5,583.5,76.5,80.0,3.2203389830508473,467.0,467.0,428.0,428.0,88.0,20.0,1.694915254237288,467.0,467.0,428.0,428.0,88.0,20.0,2.3728813559322033,1192.0,1192.0,583.5,583.5,76.5,80.0,1.5254237288135593,,,,,,
3,ArnoldC,3.2203389830508473,864.0,864.0,454.0,454.0,73.0,55.0,3.8983050847457625,1230.4,1230.4,505.6,505.6,66.0,100.0,3.2203389830508473,864.0,864.0,454.0,454.0,73.0,55.0,1.694915254237288,344.0,344.0,392.0,392.0,84.0,10.0,2.3728813559322033,1192.0,1192.0,503.0,503.0,67.0,100.0,1.5254237288135593,1384.0,1384.0,516.0,516.0,62.0,100.0
4,ArnoldC,3.2203389830508473,901.375,901.375,431.0,431.0,87.5,100.0,3.8983050847457625,1175.1538461538462,1175.1538461538462,531.5384615384615,531.5384615384615,88.15384615384616,100.0,3.2203389830508473,901.375,901.375,431.0,431.0,87.5,100.0,1.694915254237288,,,,,,,2.3728813559322033,1613.2,1613.2,692.4,692.4,89.2,100.0,1.5254237288135593,901.375,901.375,431.0,431.0,87.5,100.0
1,JavaScript,100.0,72.65333333333334,72.65333333333334,150.30666666666667,150.30666666666667,73.73333333333333,18.866666666666667,17.966101694915253,,,,,,,58.13559322033898,72.65333333333334,72.65333333333334,150.30666666666667,150.30666666666667,73.73333333333333,18.866666666666667,47.11864406779661,72.65333333333334,72.65333333333334,150.30666666666667,150.30666666666667,73.73333333333333,18.866666666666667,6.9491525423728815,,,,,,,11.016949152542374,,,,,,
2,JavaScript,100.0,196.92666666666668,196.92666666666668,267.8,267.8,76.93333333333334,22.533333333333335,17.966101694915253,,,,,,,58.13559322033898,179.5,179.5,254.21052631578948,254.21052631578948,77.92105263157895,19.407894736842106,47.11864406779661,179.5,179.5,254.21052631578948,254.21052631578948,77.92105263157895,19.407894736842106,6.9491525423728815,,,,,,,11.016949152542374,,,,,,
3,JavaScript,100.0,184.37142857142857,180.4142857142857,255.9857142857143,249.9857142857143,63.07142857142857,40.642857142857146,17.966101694915253,79.3529411764706,46.76470588235294,154.7058823529412,105.29411764705883,66.23529411764706,100.0,58.13559322033898,197.09259259259258,190.88888888888889,268.6296296296296,259.48148148148147,68.22222222222223,31.85185185185185,47.11864406779661,217.73333333333332,217.73333333333332,286.84444444444443,286.84444444444443,67.64444444444445,18.22222222222222,6.9491525423728815,63.0,35.625,129.0,85.75,60.75,100.0,11.016949152542374,93.88888888888889,56.666666666666664,177.55555555555554,122.66666666666667,71.11111111111111,100.0
4,JavaScript,100.0,146.38,119.22,226.25333333333333,184.4,87.66666666666667,64.8,17.966101694915253,104.92134831460675,59.146067415730336,194.04494382022472,123.50561797752809,87.3932584269663,100.0,58.13559322033898,134.74603174603175,94.19047619047619,222.47619047619048,160.06349206349208,87.71428571428571,95.87301587301587,47.11864406779661,276.0,276.0,296.2857142857143,296.2857142857143,87.14285714285714,62.857142857142854,6.9491525423728815,84.27272727272727,38.24242424242424,161.45454545454547,90.36363636363636,86.72727272727273,100.0,11.016949152542374,117.08928571428571,71.46428571428571,213.25,143.03571428571428,87.78571428571429,100.0
1,C++,100.0,140.78666666666666,140.78666666666666,235.72,235.72,73.73333333333333,18.866666666666667,38.30508474576271,,,,,,,21.52542372881356,143.8,143.8,236.93333333333334,236.93333333333334,77.73333333333333,16.0,5.084745762711864,143.8,143.8,236.93333333333334,236.93333333333334,77.73333333333333,16.0,21.864406779661017,,,,,,,16.440677966101696,,,,,,
2,C++,100.0,269.75333333333333,262.37333333333333,332.0133333333333,322.14666666666665,76.93333333333334,33.96666666666667,38.30508474576271,239.10344827586206,200.93103448275863,329.6551724137931,278.62068965517244,74.27586206896552,98.27586206896552,21.52542372881356,247.33333333333334,228.08333333333334,335.8333333333333,307.8333333333333,82.66666666666667,56.666666666666664,5.084745762711864,264.14285714285717,264.14285714285717,340.2857142857143,340.2857142857143,77.71428571428571,25.714285714285715,21.864406779661017,242.29166666666666,205.79166666666666,329.6666666666667,282.0,71.08333333333333,97.91666666666667,16.440677966101696,223.8,177.6,329.6,262.4,89.6,100.0
3,C++,100.0,259.1642857142857,248.65714285714284,322.6142857142857,309.45714285714286,63.07142857142857,49.654761904761905,38.30508474576271,205.7872340425532,174.48936170212767,302.468085106383,263.27659574468083,61.659574468085104,98.29787234042553,21.52542372881356,218.35714285714286,199.35714285714286,300.7142857142857,276.2857142857143,67.0,51.42857142857143,5.084745762711864,224.5,224.5,296.0,296.0,60.75,15.0,21.864406779661017,205.14634146341464,175.7560975609756,301.8048780487805,265.219512195122,59.65853658536585,98.04878048780488,16.440677966101696,210.16666666666666,165.83333333333334,307.0,250.0,75.33333333333333,100.0
4,C++,100.0,225.0,179.23333333333332,327.74666666666667,262.96,87.66666666666667,100.0,38.30508474576271,225.0,179.23333333333332,327.74666666666667,262.96,87.66666666666667,100.0,21.52542372881356,213.17441860465115,167.11627906976744,318.2325581395349,252.46511627906978,87.83720930232558,100.0,5.084745762711864,,,,,,,21.864406779661017,240.890625,195.515625,340.53125,277.0625,87.4375,100.0,16.440677966101696,213.17441860465115,167.11627906976744,318.2325581395349,252.46511627906978,87.83720930232558,100.0
1,R,100.0,21.98,21.98,59.74666666666667,59.74666666666667,73.73333333333333,20.266666666666666,32.20338983050848,,,,,,,52.88135593220339,21.98,21.98,59.74666666666667,59.74666666666667,73.73333333333333,20.266666666666666,32.71186440677966,21.98,21.98,59.74666666666667,59.74666666666667,73.73333333333333,20.266666666666666,12.033898305084746,,,,,,,20.16949152542373,,,,,,
2,R,100.0,117.20666666666666,114.73333333333333,172.09333333333333,168.53333333333333,76.93333333333334,29.566666666666666,32.20338983050848,63.75,32.833333333333336,122.16666666666667,77.66666666666667,63.833333333333336,100.0,52.88135593220339,174.74285714285713,169.74285714285713,233.6,225.88571428571427,70.11428571428571,36.857142857142854,32.71186440677966,192.7,192.7,250.86666666666667,250.86666666666667,70.46666666666667,26.333333333333332,12.033898305084746,61.42857142857143,33.42857142857143,116.57142857142857,78.85714285714286,60.857142857142854,100.0,20.16949152542373,67.0,32.0,130.0,76.0,68.0,100.0
3,R,100.0,109.37857142857143,102.73571428571428,172.21428571428572,162.57142857142858,63.07142857142857,43.57142857142857,32.20338983050848,66.75,33.535714285714285,124.78571428571429,76.57142857142857,65.0,100.0,52.88135593220339,151.06666666666666,136.03333333333333,208.0,184.26666666666668,63.8,63.333333333333336,32.71186440677966,269.15384615384613,269.15384615384613,324.15384615384613,324.15384615384613,70.0,15.384615384615385,12.033898305084746,76.0,32.45454545454545,133.45454545454547,75.45454545454545,74.18181818181819,100.0,20.16949152542373,60.76470588235294,34.23529411764706,119.17647058823529,77.29411764705883,59.05882352941177,100.0
4,R,100.0,77.16,31.393333333333334,146.13333333333333,73.89333333333333,87.66666666666667,100.0,32.20338983050848,77.16,31.393333333333334,146.13333333333333,73.89333333333333,87.66666666666667,100.0,52.88135593220339,79.14432989690722,32.88659793814433,149.31958762886597,76.49484536082474,88.14432989690722,100.0,32.71186440677966,,,,,,,12.033898305084746,73.52830188679245,28.660377358490567,140.30188679245282,69.13207547169812,86.79245283018868,100.0,20.16949152542373,79.14432989690722,32.88659793814433,149.31958762886597,76.49484536082474,88.14432989690722,100.0
